{
  "idmap": {
  "tt0032971": 0
    ,  "tt0023712": 1
    ,  "tt0025921": 2
    ,  "tt0022063": 3
    ,  "tt0032257": 4
    ,  "tt0029638": 5
    ,  "tt0035880": 6
    ,  "tt0035051": 7
    ,  "tt0157357": 8
    ,  "tt0040503": 9
    ,  "tt0031522": 10
    ,  "tt0037802": 11
    ,  "tt0032421": 12
    ,  "tt0056689": 13
    ,  "tt4156056": 14
    ,  "tt0037664": 15
    ,  "tt0036728": 16
    ,  "tt1754750": 17
    ,  "tt0036633": 18
    ,  "tt0052465": 19
    ,  "tt0037214": 20
    ,  "tt0029488": 21
    ,  "tt0026412": 22
    ,  "tt0048881": 23
    ,  "tt0047179": 24
    ,  "tt0033784": 25
    ,  "tt0035973": 26
    ,  "tt0052433": 27
    ,  "tt0027551": 28
    ,  "tt0035655": 29
    ,  "tt0033587": 30
    ,  "tt0036296": 31
    ,  "tt0034797": 32
    ,  "tt0020109": 33
    ,  "tt3602926": 34
    ,  "tt0031130": 35
  },
  "referenced": [
  ],
  "header": {
    "compact": false,
    "xmin": -20508.018000,
    "xmax": -19651.516000,
    "ymin": 2058.817900,
    "ymax": 3256.577600
  },
  "nodes": [
    {
      "nodeid": "tt0032971",
      "name": "The Range Busters (1940)",
      "x": -19651.516000,
      "y": 2899.163600,
      "size": 37.047774,
      "tne": 15,
      "community": 68
    }
    ,    {
      "nodeid": "tt0023712",
      "name": "The Wyoming Whirlwind (1932)",
      "x": -19691.980000,
      "y": 2205.321000,
      "size": 16.003185,
      "tne": 1,
      "community": 56
    }
    ,    {
      "nodeid": "tt0025921",
      "name": "Twin Husbands (1933)",
      "x": -19697.137000,
      "y": 2543.022200,
      "size": 160.031850,
      "tne": 1,
      "community": 68
    }
    ,    {
      "nodeid": "tt0022063",
      "name": "The Lawyer's Secret (1931)",
      "x": -19703.656000,
      "y": 2798.455000,
      "size": 16.003185,
      "tne": 1,
      "community": 70
    }
    ,    {
      "nodeid": "tt0032257",
      "name": "Black Diamonds (1940)",
      "x": -19708.220000,
      "y": 2549.489700,
      "size": 160.031850,
      "tne": 1,
      "community": 52
    }
    ,    {
      "nodeid": "tt0029638",
      "name": "Talking Feet (1937)",
      "x": -19708.615000,
      "y": 3194.904300,
      "size": 16.003185,
      "tne": 1,
      "community": 57
    }
    ,    {
      "nodeid": "tt0035880",
      "name": "Fired Wife (1943)",
      "x": -19714.473000,
      "y": 2317.133300,
      "size": 16.003185,
      "tne": 1,
      "community": 65
    }
    ,    {
      "nodeid": "tt0035051",
      "name": "So's Your Aunt Emma! (1942)",
      "x": -19726.357000,
      "y": 2288.629400,
      "size": 16.003185,
      "tne": 1,
      "community": 62
    }
    ,    {
      "nodeid": "tt0157357",
      "name": "Barnacle Bill (1935)",
      "x": -19734.441000,
      "y": 2533.495400,
      "size": 160.031850,
      "tne": 1,
      "community": 50
    }
    ,    {
      "nodeid": "tt0040503",
      "name": "Just William's Luck (1948)",
      "x": -19763.290000,
      "y": 2980.780500,
      "size": 16.003185,
      "tne": 1,
      "community": 70
    }
    ,    {
      "nodeid": "tt0031522",
      "name": "Just William (1940)",
      "x": -19784.877000,
      "y": 2979.976000,
      "size": 16.003185,
      "tne": 1,
      "community": 62
    }
    ,    {
      "nodeid": "tt0037802",
      "name": "I Love a Bandleader (1945)",
      "x": -19815.605000,
      "y": 3052.707500,
      "size": 16.003185,
      "tne": 1,
      "community": 59
    }
    ,    {
      "nodeid": "tt0032421",
      "name": "Drums of the Desert (1940)",
      "x": -19883.154000,
      "y": 2446.391600,
      "size": 160.031850,
      "tne": 1,
      "community": 58
    }
    ,    {
      "nodeid": "tt0056689",
      "name": "When the Girls Take Over (1962)",
      "x": -19884.518000,
      "y": 2807.690200,
      "size": 160.031850,
      "tne": 1,
      "community": 35
    }
    ,    {
      "nodeid": "tt4156056",
      "name": "Hollywood and Vine",
      "x": -19895.252000,
      "y": 2663.054700,
      "size": 160.031850,
      "tne": 1,
      "community": 50
    }
    ,    {
      "nodeid": "tt0037664",
      "name": "Earl Carroll Vanities (1945)",
      "x": -19900.640000,
      "y": 2675.816200,
      "size": 160.031850,
      "tne": 1,
      "community": 56
    }
    ,    {
      "nodeid": "tt0036728",
      "name": "Crazy Knights (1944)",
      "x": -19922.900000,
      "y": 2058.817900,
      "size": 16.003185,
      "tne": 1,
      "community": 54
    }
    ,    {
      "nodeid": "tt1754750",
      "name": "3 of a Kind (2012)",
      "x": -19926.809000,
      "y": 2076.658200,
      "size": 16.003185,
      "tne": 1,
      "community": 50
    }
    ,    {
      "nodeid": "tt0036633",
      "name": "Beautiful But Broke (1944)",
      "x": -19937.934000,
      "y": 2063.171900,
      "size": 16.003185,
      "tne": 1,
      "community": 64
    }
    ,    {
      "nodeid": "tt0052465",
      "name": "Fibber McGee and Molly (TV Series 1959u20131960)",
      "x": -19948.870000,
      "y": 2955.387700,
      "size": 160.031850,
      "tne": 1,
      "community": 75
    }
    ,    {
      "nodeid": "tt0037214",
      "name": "Reckless Age (1944)",
      "x": -19953.930000,
      "y": 2954.223100,
      "size": 22.015923,
      "tne": 5,
      "community": 70
    }
    ,    {
      "nodeid": "tt0029488",
      "name": "Riding on Air (1937)",
      "x": -20028.473000,
      "y": 3256.577600,
      "size": 16.003185,
      "tne": 1,
      "community": 54
    }
    ,    {
      "nodeid": "tt0026412",
      "name": "The Girl Who Came Back (1935)",
      "x": -20035.406000,
      "y": 3143.599400,
      "size": 16.003185,
      "tne": 1,
      "community": 60
    }
    ,    {
      "nodeid": "tt0048881",
      "name": "Life with the Lyons (TV Series 1955u20131960)",
      "x": -20038.760000,
      "y": 2678.796900,
      "size": 16.003185,
      "tne": 1,
      "community": 71
    }
    ,    {
      "nodeid": "tt0047179",
      "name": "Family Affair (1954)",
      "x": -20042.135000,
      "y": 2660.462600,
      "size": 16.003185,
      "tne": 1,
      "community": 74
    }
    ,    {
      "nodeid": "tt0033784",
      "name": "The Kid's Last Ride (1941)",
      "x": -20084.885000,
      "y": 3077.008000,
      "size": 26.525478,
      "tne": 8,
      "community": 54
    }
    ,    {
      "nodeid": "tt0035973",
      "name": "Haunted Ranch (1943)",
      "x": -20129.305000,
      "y": 3246.224000,
      "size": 23.519108,
      "tne": 6,
      "community": 58
    }
    ,    {
      "nodeid": "tt0052433",
      "name": "u00c8 arrivata la parigina (1958)",
      "x": -20268.793000,
      "y": 2396.539300,
      "size": 160.031850,
      "tne": 1,
      "community": 42
    }
    ,    {
      "nodeid": "tt0027551",
      "name": "Drift Fence (1936)",
      "x": -20292.482000,
      "y": 2180.310500,
      "size": 16.003185,
      "tne": 1,
      "community": 58
    }
    ,    {
      "nodeid": "tt0035655",
      "name": "The Avenging Rider (1943)",
      "x": -20294.295000,
      "y": 2201.428200,
      "size": 16.003185,
      "tne": 1,
      "community": 63
    }
    ,    {
      "nodeid": "tt0033587",
      "name": "The Fargo Kid (1940)",
      "x": -20298.496000,
      "y": 2390.370600,
      "size": 160.031850,
      "tne": 1,
      "community": 64
    }
    ,    {
      "nodeid": "tt0036296",
      "name": "Red River Robin Hood (1942)",
      "x": -20302.662000,
      "y": 2314.392800,
      "size": 16.003185,
      "tne": 1,
      "community": 60
    }
    ,    {
      "nodeid": "tt0034797",
      "name": "Give Out, Sisters (1942)",
      "x": -20415.432000,
      "y": 2999.636200,
      "size": 16.003185,
      "tne": 1,
      "community": 70
    }
    ,    {
      "nodeid": "tt0020109",
      "name": "The Lost Zeppelin (1929)",
      "x": -20447.310000,
      "y": 2712.796000,
      "size": 160.031850,
      "tne": 1,
      "community": 58
    }
    ,    {
      "nodeid": "tt3602926",
      "name": "Sacramento (2015)",
      "x": -20504.238000,
      "y": 2735.280000,