{
  "idmap": {
  "tt6865906": 0
    ,  "tt1206338": 1
    ,  "tt5771976": 2
    ,  "tt0760243": 3
    ,  "tt0033729": 4
    ,  "tt2865120": 5
    ,  "tt0087543": 6
    ,  "tt3246908": 7
    ,  "tt0322177": 8
    ,  "tt2850386": 9
    ,  "tt0086160": 10
    ,  "tt0064909": 11
    ,  "tt1623205": 12
    ,  "tt0083564": 13
    ,  "tt7042082": 14
    ,  "tt1085874": 15
    ,  "tt0108333": 16
    ,  "tt0787216": 17
    ,  "tt0184907": 18
    ,  "tt0918628": 19
    ,  "tt0081738": 20
    ,  "tt0375139": 21
    ,  "tt5951488": 22
    ,  "tt1206541": 23
    ,  "tt1336619": 24
    ,  "tt0028827": 25
    ,  "tt4902904": 26
    ,  "tt3891538": 27
    ,  "tt2261287": 28
    ,  "tt0338769": 29
    ,  "tt7267470": 30
    ,  "tt1614955": 31
    ,  "tt6928052": 32
    ,  "tt0131472": 33
    ,  "tt0498351": 34
    ,  "tt6926116": 35
  },
  "referenced": [
  ],
  "header": {
    "compact": false,
    "xmin": 21229.750000,
    "xmax": 21256.281000,
    "ymin": -19900.988000,
    "ymax": -19862.918000
  },
  "nodes": [
    {
      "nodeid": "tt6865906",
      "name": "All Hail King Julien: Exiled (TV Series 2017)",
      "x": 21250.688000,
      "y": -19862.918000,
      "size": 16.003185,
      "tne": 1,
      "community": 80
    }
    ,    {
      "nodeid": "tt1206338",
      "name": "The Teddy Bears' Scare (TV Movie 1998)",
      "x": 21247.729000,
      "y": -19864.023000,
      "size": 16.003185,
      "tne": 1,
      "community": 50
    }
    ,    {
      "nodeid": "tt5771976",
      "name": "Soy Luna Le Mag (TV Mini-Series 2016u2013 )",
      "x": 21251.525000,
      "y": -19870.824000,
      "size": 16.003185,
      "tne": 1,
      "community": 50
    }
    ,    {
      "nodeid": "tt0760243",
      "name": "Lost in the Snow (Video 2002)",
      "x": 21254.950000,
      "y": -19871.758000,
      "size": 16.003185,
      "tne": 1,
      "community": 68
    }
    ,    {
      "nodeid": "tt0033729",
      "name": "How Green Was My Valley (1941)",
      "x": 21256.281000,
      "y": -19873.193000,
      "size": 16.003185,
      "tne": 1,
      "community": 78
    }
    ,    {
      "nodeid": "tt2865120",
      "name": "Ratchet & Clank (2016)",
      "x": 21232.088000,
      "y": -19879.115000,
      "size": 17.506372,
      "tne": 2,
      "community": 56
    }
    ,    {
      "nodeid": "tt0087543",
      "name": "Katy Caterpillar (1984)",
      "x": 21238.480000,
      "y": -19879.361000,
      "size": 16.003185,
      "tne": 1,
      "community": 72
    }
    ,    {
      "nodeid": "tt3246908",
      "name": "The Boxcar Children (2014)",
      "x": 21247.266000,
      "y": -19880.880000,
      "size": 16.003185,
      "tne": 1,
      "community": 67
    }
    ,    {
      "nodeid": "tt0322177",
      "name": "The Boy Who Wanted to Be a Bear (2002)",
      "x": 21240.328000,
      "y": -19884.710000,
      "size": 17.506372,
      "tne": 2,
      "community": 68
    }
    ,    {
      "nodeid": "tt2850386",
      "name": "The Croods 2 (2020)",
      "x": 21249.383000,
      "y": -19885.174000,
      "size": 16.003185,
      "tne": 1,
      "community": 50
    }
    ,    {
      "nodeid": "tt0086160",
      "name": "Puss 'N Boots Travels Around the World (1976)",
      "x": 21240.469000,
      "y": -19885.645000,
      "size": 16.003185,
      "tne": 1,
      "community": 69
    }
    ,    {
      "nodeid": "tt0064909",
      "name": "Run Wild, Run Free (1969)",
      "x": 21231.857000,
      "y": -19886.640000,
      "size": 16.003185,
      "tne": 1,
      "community": 62
    }
    ,    {
      "nodeid": "tt1623205",
      "name": "Oz the Great and Powerful (2013)",
      "x": 21232.887000,
      "y": -19886.710000,
      "size": 17.506372,
      "tne": 2,
      "community": 63
    }
    ,    {
      "nodeid": "tt0083564",
      "name": "Annie (1982)",
      "x": 21237.846000,
      "y": -19886.790000,
      "size": 16.003185,
      "tne": 1,
      "community": 65
    }
    ,    {
      "nodeid": "tt7042082",
      "name": "Puss in Book: Trapped in an Epic Tale (2017)",
      "x": 21249.680000,
      "y": -19886.883000,
      "size": 16.003185,
      "tne": 1,
      "community": 50
    }
    ,    {
      "nodeid": "tt1085874",
      "name": "The Teddy Bears' Picnic (TV Short 1989)",
      "x": 21249.543000,
      "y": -19887.527000,
      "size": 17.506372,
      "tne": 2,
      "community": 81
    }
    ,    {
      "nodeid": "tt0108333",
      "name": "The Three Musketeers (1993)",
      "x": 21238.238000,
      "y": -19888.402000,
      "size": 16.003185,
      "tne": 1,
      "community": 64
    }
    ,    {
      "nodeid": "tt0787216",
      "name": "The Three Musketeers (TV Movie 1986)",
      "x": 21238.238000,
      "y": -19888.402000,
      "size": 16.003185,
      "tne": 1,
      "community": 68
    }
    ,    {
      "nodeid": "tt0184907",
      "name": "Snow Day (2000)",
      "x": 21246.576000,
      "y": -19889.355000,
      "size": 17.506372,
      "tne": 2,
      "community": 50
    }
    ,    {
      "nodeid": "tt0918628",
      "name": "Fishtales (2007)",
      "x": 21233.254000,
      "y": -19889.379000,
      "size": 16.003185,
      "tne": 1,
      "community": 63
    }
    ,    {
      "nodeid": "tt0081738",
      "name": "The Watcher in the Woods (1980)",
      "x": 21237.695000,
      "y": -19890.540000,
      "size": 17.506372,
      "tne": 2,
      "community": 64
    }
    ,    {
      "nodeid": "tt0375139",
      "name": "A Place Called Home (TV Movie 2004)",
      "x": 21231.340000,
      "y": -19890.830000,
      "size": 16.003185,
      "tne": 1,
      "community": 64
    }
    ,    {
      "nodeid": "tt5951488",
      "name": "Klassen (TV Series 2016u20132018)",
      "x": 21234.018000,
      "y": -19892.205000,
      "size": 16.003185,
      "tne": 1,
      "community": 67
    }
    ,    {
      "nodeid": "tt1206541",
      "name": "The Dolphin: Story of a Dreamer (2009)",
      "x": 21237.678000,
      "y": -19892.648000,
      "size": 16.003185,
      "tne": 1,
      "community": 38
    }
    ,    {
      "nodeid": "tt1336619",
      "name": "The Adventures of Chris Fable (2010)",
      "x": 21231.008000,
      "y": -19892.720000,
      "size": 16.003185,
      "tne": 1,
      "community": 24
    }
    ,    {
      "nodeid": "tt0028827",
      "name": "Elephant Boy (1937)",
      "x": 21248.111000,
      "y": -19894.110000,
      "size": 17.506372,
      "tne": 2,
      "community": 66
    }
    ,    {
      "nodeid": "tt4902904",
      "name": "The Resurrection of Gavin Stone (2016)",
      "x": 21233.604000,
      "y": -19894.895000,
      "size": 16.003185,
      "tne": 1,
      "community": 62
    }
    ,    {
      "nodeid": "tt3891538",
      "name": "Undercover Grandpa (2017)",
      "x": 21229.750000,
      "y": -19895.670000,
      "size": 16.003185,
      "tne": 1,
      "community": 51
    }
    ,    {
      "nodeid": "tt2261287",
      "name": "Leap! (2016)",
      "x": 21233.957000,
      "y": -19895.902000,
      "size": 16.003185,
      "tne": 1,
      "community": 68
    }
    ,    {
      "nodeid": "tt0338769",
      "name": "Blood of Beasts (2005)",
      "x": 21234.800000,
      "y": -19898.668000,
      "size": 16.003185,
      "tne": 1,
      "community": 43
    }
    ,    {
      "nodeid": "tt7267470",
      "name": "What a Circus! (2017)",
      "x": 21237.000000,
      "y": -19899.678000,
      "size": 16.003185,
      "tne": 1,
      "community": 67
    }
    ,    {
      "nodeid": "tt1614955",
      "name": "Primates of the Caribbean (2012)",
      "x": 21236.316000,
      "y": -19899.742000,
      "size": 16.003185,
      "tne": 1,
      "community": 39
    }
    ,    {
      "nodeid": "tt6928052",
      "name": "Free Rein (TV Series 2017u2013 )",
      "x": 21239.049000,
      "y": -19900.365000,
      "size": 16.003185,
      "tne": 1,
      "community": 77
    }
    ,    {
      "nodeid": "tt0131472",
      "name": "Maria si Mirabella in Tranzistoria (1989)",
      "x": 21237.000000,