{
  "idmap": {
  "tt6885296": 0
    ,  "tt2390283": 1
    ,  "tt2186566": 2
    ,  "tt3501062": 3
    ,  "tt1389137": 4
    ,  "tt3059046": 5
    ,  "tt0242860": 6
    ,  "tt0093473": 7
    ,  "tt0324344": 8
    ,  "tt0195726": 9
    ,  "tt3450650": 10
    ,  "tt4002772": 11
    ,  "tt0202785": 12
    ,  "tt1537481": 13
    ,  "tt0295635": 14
    ,  "tt3113414": 15
    ,  "tt0186449": 16
    ,  "tt0089791": 17
    ,  "tt0172464": 18
    ,  "tt5966350": 19
    ,  "tt0164302": 20
    ,  "tt1896804": 21
    ,  "tt2531030": 22
    ,  "tt0111641": 23
    ,  "tt1574660": 24
    ,  "tt2728784": 25
    ,  "tt2677786": 26
    ,  "tt0182221": 27
    ,  "tt0348892": 28
    ,  "tt0123134": 29
    ,  "tt1114740": 30
    ,  "tt0111698": 31
    ,  "tt4566758": 32
    ,  "tt0071101": 33
    ,  "tt0082636": 34
    ,  "tt0027687": 35
  },
  "referenced": [
  ],
  "header": {
    "compact": true,
    "xmin": 21198.643000,
    "xmax": 21229.164000,
    "ymin": -19911.498000,
    "ymax": -19892.281000
  },
  "nodes": [
    {
      "nodeid": "tt6885296",
      "name": "Chastnoe pionerskoe 3 (2017)",
      "x": 21222.916000,
      "y": -19892.281000,
      "size": 16.003185,
      "tne": 1,
      "community": 50
    }
    ,    {
      "nodeid": "tt2390283",
      "name": "The Journey Home (2014)",
      "x": 21229.164000,
      "y": -19894.682000,
      "size": 16.003185,
      "tne": 1,
      "community": 62
    }
    ,    {
      "nodeid": "tt2186566",
      "name": "The Little Ghost (2013)",
      "x": 21212.490000,
      "y": -19895.482000,
      "size": 16.003185,
      "tne": 1,
      "community": 57
    }
    ,    {
      "nodeid": "tt3501062",
      "name": "Robodog",
      "x": 21214.793000,
      "y": -19896.193000,
      "size": 16.003185,
      "tne": 1,
      "community": 50
    }
    ,    {
      "nodeid": "tt1389137",
      "name": "We Bought a Zoo (2011)",
      "x": 21205.898000,
      "y": -19898.137000,
      "size": 16.003185,
      "tne": 1,
      "community": 71
    }
    ,    {
      "nodeid": "tt3059046",
      "name": "Somebody's Mother (2016)",
      "x": 21218.930000,
      "y": -19898.213000,
      "size": 16.003185,
      "tne": 1,
      "community": 68
    }
    ,    {
      "nodeid": "tt0242860",
      "name": "Schneeweiu00dfchen und Rosenrot (1984)",
      "x": 21211.312000,
      "y": -19898.523000,
      "size": 16.003185,
      "tne": 1,
      "community": 71
    }
    ,    {
      "nodeid": "tt0093473",
      "name": "The Magic Snowman (1987)",
      "x": 21211.768000,
      "y": -19898.686000,
      "size": 16.003185,
      "tne": 1,
      "community": 64
    }
    ,    {
      "nodeid": "tt0324344",
      "name": "The Twelve Days of Christmas (TV Movie 1993)",
      "x": 21211.768000,
      "y": -19898.686000,
      "size": 16.003185,
      "tne": 1,
      "community": 79
    }
    ,    {
      "nodeid": "tt0195726",
      "name": "Mother Holly (1961)",
      "x": 21210.422000,
      "y": -19898.838000,
      "size": 16.003185,
      "tne": 1,
      "community": 63
    }
    ,    {
      "nodeid": "tt3450650",
      "name": "Paul Blart: Mall Cop 2 (2015)",
      "x": 21212.960000,
      "y": -19898.857000,
      "size": 16.003185,
      "tne": 1,
      "community": 44
    }
    ,    {
      "nodeid": "tt4002772",
      "name": "Once I Was a Beehive (2015)",
      "x": 21227.094000,
      "y": -19899.443000,
      "size": 16.003185,
      "tne": 1,
      "community": 62
    }
    ,    {
      "nodeid": "tt0202785",
      "name": "Katja's Adventure (1999)",
      "x": 21216.170000,
      "y": -19899.940000,
      "size": 16.003185,
      "tne": 1,
      "community": 54
    }
    ,    {
      "nodeid": "tt1537481",
      "name": "Space Chimps 2: Zartog Strikes Back (Video 2010)",
      "x": 21212.902000,
      "y": -19899.992000,
      "size": 16.003185,
      "tne": 1,
      "community": 28
    }
    ,    {
      "nodeid": "tt0295635",
      "name": "Stig of the Dump (TV Mini-Series 2002u2013 )",
      "x": 21209.938000,
      "y": -19900.342000,
      "size": 16.003185,
      "tne": 1,
      "community": 74
    }
    ,    {
      "nodeid": "tt3113414",
      "name": "The Ugly Duckling (2013)",
      "x": 21209.938000,
      "y": -19900.342000,
      "size": 16.003185,
      "tne": 1,
      "community": 87
    }
    ,    {
      "nodeid": "tt0186449",
      "name": "Pinocchio in Outer Space (1965)",
      "x": 21212.053000,
      "y": -19900.744000,
      "size": 16.003185,
      "tne": 1,
      "community": 62
    }
    ,    {
      "nodeid": "tt0089791",
      "name": "Pee-wee's Big Adventure (1985)",
      "x": 21212.838000,
      "y": -19901.303000,
      "size": 16.003185,
      "tne": 1,
      "community": 70
    }
    ,    {
      "nodeid": "tt0172464",
      "name": "The Million Dollar Kid (2000)",
      "x": 21227.098000,
      "y": -19902.490000,
      "size": 16.003185,
      "tne": 1,
      "community": 25
    }
    ,    {
      "nodeid": "tt5966350",
      "name": "Next Door Spy (2017)",
      "x": 21222.494000,
      "y": -19902.646000,
      "size": 16.003185,
      "tne": 1,
      "community": 62
    }
    ,    {
      "nodeid": "tt0164302",
      "name": "Utu00e1nam, sru00e1cok! (TV Series 1975u2013 )",
      "x": 21211.598000,
      "y": -19902.797000,
      "size": 16.003185,
      "tne": 1,
      "community": 80
    }
    ,    {
      "nodeid": "tt1896804",
      "name": "Real Steel 2",
      "x": 21208.234000,
      "y": -19905.125000,
      "size": 16.003185,
      "tne": 1,
      "community": 50
    }
    ,    {
      "nodeid": "tt2531030",
      "name": "Young Sherlock Holmes",
      "x": 21208.234000,
      "y": -19905.125000,
      "size": 16.003185,
      "tne": 1,
      "community": 50
    }
    ,    {
      "nodeid": "tt0111641",
      "name": "The Wizard of the Emerald City (1994)",
      "x": 21224.646000,
      "y": -19908.910000,
      "size": 16.003185,
      "tne": 1,
      "community": 55
    }
    ,    {
      "nodeid": "tt1574660",
      "name": "Too Sunny for Santa (2010)",
      "x": 21225.076000,
      "y": -19910.324000,
      "size": 16.003185,
      "tne": 1,
      "community": 60
    }
    ,    {
      "nodeid": "tt2728784",
      "name": "After Darkness (2017)",
      "x": 21225.076000,
      "y": -19910.324000,
      "size": 16.003185,
      "tne": 1,
      "community": 51
    }
    ,    {
      "nodeid": "tt2677786",
      "name": "Simpler Times (2014)",
      "x": 21226.486000,
      "y": -19910.480000,
      "size": 16.003185,
      "tne": 1,
      "community": 89
    }
    ,    {
      "nodeid": "tt0182221",
      "name": "J'ai rencontru00e9 le Pu00e8re Nou00ebl (1984)",
      "x": 21207.440000,
      "y": -19910.709000,
      "size": 17.506372,
      "tne": 2,
      "community": 35
    }
    ,    {
      "nodeid": "tt0348892",
      "name": "The ABC Saturday Superstar Movie (TV Series 1972u20131974)",
      "x": 21227.332000,
      "y": -19911.018000,
      "size": 16.003185,
      "tne": 1,
      "community": 72
    }
    ,    {
      "nodeid": "tt0123134",
      "name": "Kismaszat u00e9s a Gu00e9zengu00fazok (TV Movie 1984)",
      "x": 21206.790000,
      "y": -19911.133000,
      "size": 16.003185,
      "tne": 1,
      "community": 77
    }
    ,    {
      "nodeid": "tt1114740",
      "name": "Paul Blart: Mall Cop (2009)",
      "x": 21209.002000,
      "y": -19911.180000,
      "size": 17.506372,
      "tne": 2,
      "community": 52
    }
    ,    {
      "nodeid": "tt0111698",
      "name": "The Whipping Boy (TV Movie 1994)",
      "x": 21219.586000,
      "y": -19911.193000,
      "size": 17.506372,
      "tne": 2,
      "community": 65
    }
    ,    {
      "nodeid": "tt4566758",
      "name": "Mulan (2018)",
      "x": 21221.848000,
      "y": -19911.215000,
      "size": 17.506372,
      "tne": 2,
      "community": 50
    }
    ,    {
      "nodeid": "tt0071101",
      "name": "Actorul si salbaticii (1975)",
      "x": 21222.826000,
      "y": -19911.357000,