{
  "idmap": {
  "tt0128843": 0
    ,  "tt0037930": 1
    ,  "tt0037033": 2
    ,  "tt0041794": 3
    ,  "tt0034148": 4
    ,  "tt0041807": 5
    ,  "tt3872780": 6
    ,  "tt0036707": 7
    ,  "tt1018695": 8
    ,  "tt4118140": 9
    ,  "tt7365014": 10
    ,  "tt0033313": 11
    ,  "tt0031952": 12
    ,  "tt0044074": 13
    ,  "tt0040728": 14
    ,  "tt0042232": 15
    ,  "tt0032913": 16
    ,  "tt0044052": 17
    ,  "tt0143189": 18
    ,  "tt0034029": 19
    ,  "tt0125761": 20
    ,  "tt0042334": 21
    ,  "tt0043911": 22
    ,  "tt0043729": 23
    ,  "tt0043257": 24
    ,  "tt0032222": 25
    ,  "tt0037402": 26
    ,  "tt0043348": 27
    ,  "tt0038234": 28
    ,  "tt0030969": 29
    ,  "tt0042967": 30
    ,  "tt0044678": 31
    ,  "tt0041177": 32
    ,  "tt0038936": 33
    ,  "tt0037433": 34
    ,  "tt0031247": 35
  },
  "referenced": [
  ],
  "header": {
    "compact": true,
    "xmin": -20505.453000,
    "xmax": -20359.488000,
    "ymin": 885.161200,
    "ymax": 1762.242700
  },
  "nodes": [
    {
      "nodeid": "tt0128843",
      "name": "Wild Horse Ambush (1952)",
      "x": -20359.488000,
      "y": 1178.569500,
      "size": 160.031850,
      "tne": 1,
      "community": 55
    }
    ,    {
      "nodeid": "tt0037930",
      "name": "Mr. Muggs Rides Again (1945)",
      "x": -20369.390000,
      "y": 1032.868800,
      "size": 160.031850,
      "tne": 1,
      "community": 79
    }
    ,    {
      "nodeid": "tt0037033",
      "name": "Machine Gun Mama (1944)",
      "x": -20374.223000,
      "y": 1502.348600,
      "size": 160.031850,
      "tne": 1,
      "community": 52
    }
    ,    {
      "nodeid": "tt0041794",
      "name": "Red Stallion in the Rockies (1949)",
      "x": -20407.030000,
      "y": 1670.021700,
      "size": 160.031850,
      "tne": 1,
      "community": 49
    }
    ,    {
      "nodeid": "tt0034148",
      "name": "San Antonio Rose (1941)",
      "x": -20420.855000,
      "y": 1752.238400,
      "size": 160.031850,
      "tne": 1,
      "community": 70
    }
    ,    {
      "nodeid": "tt0041807",
      "name": "Riders in the Sky (1949)",
      "x": -20429.740000,
      "y": 1279.262500,
      "size": 190.095540,
      "tne": 3,
      "community": 68
    }
    ,    {
      "nodeid": "tt3872780",
      "name": "Willy Wonka and the Chocolate Factory in the Playroom (Video 2012)",
      "x": -20440.373000,
      "y": 1122.412500,
      "size": 19.009554,
      "tne": 3,
      "community": 57
    }
    ,    {
      "nodeid": "tt0036707",
      "name": "Cheyenne Wildcat (1944)",
      "x": -20441.373000,
      "y": 1348.514600,
      "size": 175.063700,
      "tne": 2,
      "community": 67
    }
    ,    {
      "nodeid": "tt1018695",
      "name": "Charlie and the Chocolate Factory: Designer Chocolate (Video 2005)",
      "x": -20448.656000,
      "y": 1090.366500,
      "size": 19.009554,
      "tne": 3,
      "community": 82
    }
    ,    {
      "nodeid": "tt4118140",
      "name": "Charlie and the Chocolate Factory: The Ride (2006)",
      "x": -20453.545000,
      "y": 1105.299400,
      "size": 25.022293,
      "tne": 7,
      "community": 50
    }
    ,    {
      "nodeid": "tt7365014",
      "name": "Willy Wonka & the Dream Factory",
      "x": -20455.639000,
      "y": 1112.059900,
      "size": 16.003185,
      "tne": 1,
      "community": 50
    }
    ,    {
      "nodeid": "tt0033313",
      "name": "Across the Sierras (1941)",
      "x": -20469.643000,
      "y": 1170.840700,
      "size": 160.031850,
      "tne": 1,
      "community": 52
    }
    ,    {
      "nodeid": "tt0031952",
      "name": "Song of the Buckaroo (1938)",
      "x": -20476.793000,
      "y": 1762.242700,
      "size": 16.003185,
      "tne": 1,
      "community": 73
    }
    ,    {
      "nodeid": "tt0044074",
      "name": "Stop That Cab (1951)",
      "x": -20478.220000,
      "y": 1159.254300,
      "size": 160.031850,
      "tne": 1,
      "community": 45
    }
    ,    {
      "nodeid": "tt0040728",
      "name": "Renegades of Sonora (1948)",
      "x": -20483.752000,
      "y": 1383.127600,
      "size": 16.003185,
      "tne": 1,
      "community": 72
    }
    ,    {
      "nodeid": "tt0042232",
      "name": "Battling Marshal (1950)",
      "x": -20488.420000,
      "y": 885.161200,
      "size": 175.063700,
      "tne": 2,
      "community": 76
    }
    ,    {
      "nodeid": "tt0032913",
      "name": "Pioneers of the Frontier (1940)",
      "x": -20488.740000,
      "y": 1227.111900,
      "size": 160.031850,
      "tne": 1,
      "community": 62
    }
    ,    {
      "nodeid": "tt0044052",
      "name": "Snake River Desperadoes (1951)",
      "x": -20491.986000,
      "y": 949.447630,
      "size": 160.031850,
      "tne": 1,
      "community": 71
    }
    ,    {
      "nodeid": "tt0143189",
      "name": "Conquest of Cheyenne (1946)",
      "x": -20493.580000,
      "y": 1075.405000,
      "size": 160.031850,
      "tne": 1,
      "community": 63
    }
    ,    {
      "nodeid": "tt0034029",
      "name": "The Pioneers (1941)",
      "x": -20494.611000,
      "y": 1655.551300,
      "size": 190.095540,
      "tne": 3,
      "community": 50
    }
    ,    {
      "nodeid": "tt0125761",
      "name": "Gasoline Alley (1951)",
      "x": -20494.959000,
      "y": 969.139650,
      "size": 160.031850,
      "tne": 1,
      "community": 76
    }
    ,    {
      "nodeid": "tt0042334",
      "name": "Code of the Silver Sage (1950)",
      "x": -20495.006000,
      "y": 931.389000,
      "size": 160.031850,
      "tne": 1,
      "community": 66
    }
    ,    {
      "nodeid": "tt0043911",
      "name": "Pecos River (1951)",
      "x": -20495.010000,
      "y": 988.692800,
      "size": 160.031850,
      "tne": 1,
      "community": 74
    }
    ,    {
      "nodeid": "tt0043729",
      "name": "Lawless Cowboys (1951)",
      "x": -20495.182000,
      "y": 976.406400,
      "size": 160.031850,
      "tne": 1,
      "community": 60
    }
    ,    {
      "nodeid": "tt0043257",
      "name": "Abilene Trail (1951)",
      "x": -20495.402000,
      "y": 969.126800,
      "size": 160.031850,
      "tne": 1,
      "community": 66
    }
    ,    {
      "nodeid": "tt0032222",
      "name": "Arizona Frontier (1940)",
      "x": -20495.697000,
      "y": 1651.155300,
      "size": 160.031850,
      "tne": 1,
      "community": 66
    }
    ,    {
      "nodeid": "tt0037402",
      "name": "Tucson Raiders (1944)",
      "x": -20496.344000,
      "y": 1113.296600,
      "size": 175.063700,
      "tne": 2,
      "community": 65
    }
    ,    {
      "nodeid": "tt0043348",
      "name": "Blazing Bullets (1951)",
      "x": -20496.700000,
      "y": 971.129900,
      "size": 160.031850,
      "tne": 1,
      "community": 71
    }
    ,    {
      "nodeid": "tt0038234",
      "name": "Wagon Wheels Westward (1945)",
      "x": -20497.744000,
      "y": 1108.892500,
      "size": 160.031850,
      "tne": 1,
      "community": 68
    }
    ,    {
      "nodeid": "tt0030969",
      "name": "Where the Buffalo Roam (1938)",
      "x": -20497.744000,
      "y": 1731.523100,
      "size": 16.003185,
      "tne": 1,
      "community": 65
    }
    ,    {
      "nodeid": "tt0042967",
      "name": "Silver Raiders (1950)",
      "x": -20498.752000,
      "y": 983.488800,
      "size": 160.031850,
      "tne": 1,
      "community": 56
    }
    ,    {
      "nodeid": "tt0044678",
      "name": "The Gunman (1952)",
      "x": -20499.092000,
      "y": 983.319950,
      "size": 160.031850,
      "tne": 1,
      "community": 64
    }
    ,    {
      "nodeid": "tt0041177",
      "name": "The Big Sombrero (1949)",
      "x": -20499.560000,
      "y": 1339.686200,
      "size": 160.031850,
      "tne": 1,
      "community": 59
    }
    ,    {
      "nodeid": "tt0038936",
      "name": "Sheriff of Redwood Valley (1946)",
      "x": -20500.380000,
      "y": 1182.537400,
      "size": 220.159230,
      "tne": 5,