{
  "idmap": {
  "tt0485112": 0
    ,  "tt5935072": 1
    ,  "tt6829432": 2
    ,  "tt6897592": 3
    ,  "tt7068932": 4
    ,  "tt3701072": 5
    ,  "tt4878984": 6
    ,  "tt0358790": 7
    ,  "tt7533824": 8
    ,  "tt4270146": 9
    ,  "tt0949528": 10
    ,  "tt6696508": 11
    ,  "tt4225226": 12
    ,  "tt4732108": 13
    ,  "tt0298669": 14
    ,  "tt6680126": 15
    ,  "tt6829394": 16
    ,  "tt0419386": 17
    ,  "tt6820984": 18
    ,  "tt0213343": 19
    ,  "tt0211876": 20
    ,  "tt6799156": 21
    ,  "tt0491733": 22
    ,  "tt1606162": 23
    ,  "tt0437044": 24
    ,  "tt7122680": 25
    ,  "tt3177166": 26
    ,  "tt7725422": 27
    ,  "tt5932632": 28
    ,  "tt0430397": 29
    ,  "tt1668101": 30
    ,  "tt4696338": 31
    ,  "tt3177116": 32
    ,  "tt5648120": 33
    ,  "tt6905814": 34
  },
  "referenced": [
  ],
  "header": {
    "compact": true,
    "xmin": 11150.699000,
    "xmax": 13298.055000,
    "ymin": 4380.463000,
    "ymax": 6692.764600
  },
  "nodes": [
    {
      "nodeid": "tt0485112",
      "name": "Downside Up (2002)",
      "x": 13298.055000,
      "y": 6692.764600,
      "size": 17.506372,
      "tne": 2,
      "community": 86
    }
    ,    {
      "nodeid": "tt5935072",
      "name": "Mostly Sunny (2016)",
      "x": 12656.326000,
      "y": 4470.570000,
      "size": 29.531847,
      "tne": 10,
      "community": 55
    }
    ,    {
      "nodeid": "tt6829432",
      "name": "Se los chupu00f3 el diablo (Video 2015)",
      "x": 12273.643000,
      "y": 4624.646500,
      "size": 16.003185,
      "tne": 1,
      "community": 50
    }
    ,    {
      "nodeid": "tt6897592",
      "name": "El muerto al pozo y el vivo al gozo (Video 2014)",
      "x": 12270.301000,
      "y": 4647.728500,
      "size": 16.003185,
      "tne": 1,
      "community": 50
    }
    ,    {
      "nodeid": "tt7068932",
      "name": "Las Karnachas (Video 2017)",
      "x": 12248.423000,
      "y": 4695.419000,
      "size": 17.506372,
      "tne": 2,
      "community": 50
    }
    ,    {
      "nodeid": "tt3701072",
      "name": "Promise (2014)",
      "x": 12162.020500,
      "y": 4380.463000,
      "size": 25.022293,
      "tne": 7,
      "community": 87
    }
    ,    {
      "nodeid": "tt4878984",
      "name": "Dibujando el Cielo",
      "x": 11833.221000,
      "y": 5843.049300,
      "size": 16.003185,
      "tne": 1,
      "community": 50
    }
    ,    {
      "nodeid": "tt0358790",
      "name": "Las amazonas (TV Series 1985u2013 )",
      "x": 11786.611000,
      "y": 5852.539000,
      "size": 160.031850,
      "tne": 1,
      "community": 86
    }
    ,    {
      "nodeid": "tt7533824",
      "name": "Milagros de Navidad (TV Mini-Series 2017u2013 )",
      "x": 11719.316000,
      "y": 5756.715300,
      "size": 160.031850,
      "tne": 1,
      "community": 50
    }
    ,    {
      "nodeid": "tt4270146",
      "name": "K.Y.T.E.S: How We Dream Ourselves (1986)",
      "x": 11685.875000,
      "y": 5074.204600,
      "size": 28.028664,
      "tne": 9,
      "community": 50
    }
    ,    {
      "nodeid": "tt0949528",
      "name": "El seu00f1or de los cielos III (Video 1998)",
      "x": 11670.262000,
      "y": 5472.656200,
      "size": 16.003185,
      "tne": 1,
      "community": 92
    }
    ,    {
      "nodeid": "tt6696508",
      "name": "Esposa de vacaciones (Video 2014)",
      "x": 11582.312500,
      "y": 4595.282000,
      "size": 16.003185,
      "tne": 1,
      "community": 50
    }
    ,    {
      "nodeid": "tt4225226",
      "name": "Tattooed Love (2015)",
      "x": 11572.922000,
      "y": 5239.282000,
      "size": 160.031850,
      "tne": 1,
      "community": 75
    }
    ,    {
      "nodeid": "tt4732108",
      "name": "Love from the Hood (TV Series 2015u2013 )",
      "x": 11498.789000,
      "y": 5414.715000,
      "size": 160.031850,
      "tne": 1,
      "community": 62
    }
    ,    {
      "nodeid": "tt0298669",
      "name": "El juego de la vida (TV Series 2001u20132002)",
      "x": 11467.681000,
      "y": 5363.010000,
      "size": 16.003185,
      "tne": 1,
      "community": 84
    }
    ,    {
      "nodeid": "tt6680126",
      "name": "Las verduleras del amor (Video 2014)",
      "x": 11457.698000,
      "y": 4679.376000,
      "size": 17.506372,
      "tne": 2,
      "community": 50
    }
    ,    {
      "nodeid": "tt6829394",
      "name": "No era penal... era puu00f1al (Video 2015)",
      "x": 11450.101000,
      "y": 4687.879000,
      "size": 17.506372,
      "tne": 2,
      "community": 50
    }
    ,    {
      "nodeid": "tt0419386",
      "name": "u00a1Anita, No Te Rajes! (TV Series 2004u20132005)",
      "x": 11429.961000,
      "y": 5149.750000,
      "size": 16.003185,
      "tne": 1,
      "community": 78
    }
    ,    {
      "nodeid": "tt6820984",
      "name": "Las chicas de la mecu00e1nica (Video 2016)",
      "x": 11419.896000,
      "y": 4572.091300,
      "size": 25.022293,
      "tne": 7,
      "community": 50
    }
    ,    {
      "nodeid": "tt0213343",
      "name": "Sweet Challenge (TV Series 1988u2013 )",
      "x": 11415.310000,
      "y": 5347.687000,
      "size": 160.031850,
      "tne": 1,
      "community": 66
    }
    ,    {
      "nodeid": "tt0211876",
      "name": "Tres destinos (TV Series 1993u2013 )",
      "x": 11400.520500,
      "y": 6249.871600,
      "size": 16.003185,
      "tne": 1,
      "community": 79
    }
    ,    {
      "nodeid": "tt6799156",
      "name": "Motel u00a1Al cliente lo que pida! (Video 2016)",
      "x": 11400.129000,
      "y": 4511.051000,
      "size": 23.519108,
      "tne": 6,
      "community": 50
    }
    ,    {
      "nodeid": "tt0491733",
      "name": "Juegos prohibidos (TV Series 2005u2013 )",
      "x": 11391.058000,
      "y": 5698.578000,
      "size": 16.003185,
      "tne": 1,
      "community": 67
    }
    ,    {
      "nodeid": "tt1606162",
      "name": "Aakhari Decision (2010)",
      "x": 11388.229000,
      "y": 5083.607400,
      "size": 16.003185,
      "tne": 1,
      "community": 60
    }
    ,    {
      "nodeid": "tt0437044",
      "name": "La viuda de la mafia (TV Series 2004u2013 )",
      "x": 11383.291000,
      "y": 5713.791500,
      "size": 16.003185,
      "tne": 1,
      "community": 81
    }
    ,    {
      "nodeid": "tt7122680",
      "name": "Masajista a domicilio (Video 2015)",
      "x": 11331.454000,
      "y": 4584.871600,
      "size": 25.022293,
      "tne": 7,
      "community": 50
    }
    ,    {
      "nodeid": "tt3177166",
      "name": "The Path of the Sun (2015)",
      "x": 11261.054000,
      "y": 5137.112000,
      "size": 16.003185,
      "tne": 1,
      "community": 50
    }
    ,    {
      "nodeid": "tt7725422",
      "name": "Vida (TV Series 2018u2013 )",
      "x": 11217.251000,
      "y": 5604.787600,
      "size": 160.031850,
      "tne": 1,
      "community": 50
    }
    ,    {
      "nodeid": "tt5932632",
      "name": "Sobre tus huellas (2018)",
      "x": 11213.850000,
      "y": 5586.031000,
      "size": 160.031850,
      "tne": 1,
      "community": 50
    }
    ,    {
      "nodeid": "tt0430397",
      "name": "Negocios son negocios (2004)",
      "x": 11185.102000,
      "y": 4658.892000,
      "size": 16.003185,
      "tne": 1,
      "community": 47
    }
    ,    {
      "nodeid": "tt1668101",
      "name": "Por un polvo (2008)",
      "x": 11179.703000,
      "y": 4684.959500,
      "size": 16.003185,
      "tne": 1,
      "community": 58
    }
    ,    {
      "nodeid": "tt4696338",
      "name": "La vecina (TV Series 2015u2013 )",
      "x": 11179.553000,
      "y": 5893.485000,
      "size": 16.003185,
      "tne": 1,
      "community": 80
    }
    ,    {
      "nodeid": "tt3177116",
      "name": "Profe por accidente (2013)",
      "x": 11175.170000,
      "y": 4677.602500,
      "size": 16.003185,
      "tne": 1,
      "community": 41
    }
    ,    {
      "nodeid": "tt5648120",
      "name": "Dos Compadres y una Yola (2017)",