{
  "idmap": {
  "tt6388756": 0
    ,  "tt0029918": 1
    ,  "tt0034469": 2
    ,  "tt0032730": 3
    ,  "tt0043829": 4
    ,  "tt0027358": 5
    ,  "tt0025504": 6
    ,  "tt6528154": 7
    ,  "tt0051275": 8
    ,  "tt0067045": 9
    ,  "tt0034510": 10
    ,  "tt0031947": 11
    ,  "tt0032347": 12
    ,  "tt0023257": 13
    ,  "tt0024523": 14
    ,  "tt0024243": 15
    ,  "tt0025093": 16
    ,  "tt0030318": 17
    ,  "tt0021051": 18
    ,  "tt0027621": 19
    ,  "tt0028024": 20
    ,  "tt0028949": 21
    ,  "tt0036171": 22
    ,  "tt0025166": 23
    ,  "tt0158267": 24
    ,  "tt0022169": 25
    ,  "tt0038030": 26
    ,  "tt0032525": 27
    ,  "tt0035464": 28
    ,  "tt0759925": 29
    ,  "tt0039613": 30
    ,  "tt0034403": 31
    ,  "tt0130153": 32
    ,  "tt0034338": 33
    ,  "tt0133633": 34
    ,  "tt0029737": 35
  },
  "referenced": [
  ],
  "header": {
    "compact": false,
    "xmin": -20511.621000,
    "xmax": -20059.270000,
    "ymin": 3329.065400,
    "ymax": 3977.170000
  },
  "nodes": [
    {
      "nodeid": "tt6388756",
      "name": "Robber's Roost (2018)",
      "x": -20059.270000,
      "y": 3872.988000,
      "size": 160.031850,
      "tne": 1,
      "community": 50
    }
    ,    {
      "nodeid": "tt0029918",
      "name": "The Black Doll (1938)",
      "x": -20074.762000,
      "y": 3856.479200,
      "size": 160.031850,
      "tne": 1,
      "community": 62
    }
    ,    {
      "nodeid": "tt0034469",
      "name": "Arizona Stage Coach (1942)",
      "x": -20080.926000,
      "y": 3439.456800,
      "size": 23.519108,
      "tne": 6,
      "community": 54
    }
    ,    {
      "nodeid": "tt0032730",
      "name": "Love Thy Neighbor (1940)",
      "x": -20087.996000,
      "y": 3974.154800,
      "size": 160.031850,
      "tne": 1,
      "community": 73
    }
    ,    {
      "nodeid": "tt0043829",
      "name": "My Outlaw Brother (1951)",
      "x": -20115.578000,
      "y": 3965.657000,
      "size": 160.031850,
      "tne": 1,
      "community": 52
    }
    ,    {
      "nodeid": "tt0027358",
      "name": "The Big Game (1936)",
      "x": -20138.271000,
      "y": 3375.651400,
      "size": 160.031850,
      "tne": 1,
      "community": 55
    }
    ,    {
      "nodeid": "tt0025504",
      "name": "Million Dollar Baby (1934)",
      "x": -20187.168000,
      "y": 3822.796400,
      "size": 160.031850,
      "tne": 1,
      "community": 64
    }
    ,    {
      "nodeid": "tt6528154",
      "name": "Million Dollar Baby 2 (2016)",
      "x": -20187.895000,
      "y": 3843.239000,
      "size": 160.031850,
      "tne": 1,
      "community": 50
    }
    ,    {
      "nodeid": "tt0051275",
      "name": "The Further Adventures of Ellery Queen (TV Series 1958u20131959)",
      "x": -20238.596000,
      "y": 3387.925800,
      "size": 160.031850,
      "tne": 1,
      "community": 79
    }
    ,    {
      "nodeid": "tt0067045",
      "name": "Ellery Queen: Don't Look Behind You (TV Movie 1971)",
      "x": -20241.840000,
      "y": 3366.248300,
      "size": 160.031850,
      "tne": 1,
      "community": 56
    }
    ,    {
      "nodeid": "tt0034510",
      "name": "Beyond the Blue Horizon (1942)",
      "x": -20351.244000,
      "y": 3434.393800,
      "size": 160.031850,
      "tne": 1,
      "community": 66
    }
    ,    {
      "nodeid": "tt0031947",
      "name": "Society Smugglers (1939)",
      "x": -20351.725000,
      "y": 3977.170000,
      "size": 160.031850,
      "tne": 1,
      "community": 50
    }
    ,    {
      "nodeid": "tt0032347",
      "name": "Comin' Round the Mountain (1940)",
      "x": -20415.371000,
      "y": 3410.792200,
      "size": 160.031850,
      "tne": 1,
      "community": 61
    }
    ,    {
      "nodeid": "tt0023257",
      "name": "Mystery Ranch (1932)",
      "x": -20418.049000,
      "y": 3658.606700,
      "size": 160.031850,
      "tne": 1,
      "community": 74
    }
    ,    {
      "nodeid": "tt0024523",
      "name": "Saturday's Millions (1933)",
      "x": -20439.860000,
      "y": 3404.422000,
      "size": 160.031850,
      "tne": 1,
      "community": 77
    }
    ,    {
      "nodeid": "tt0024243",
      "name": "The Last Trail (1933)",
      "x": -20460.809000,
      "y": 3600.555700,
      "size": 175.063700,
      "tne": 2,
      "community": 70
    }
    ,    {
      "nodeid": "tt0025093",
      "name": "Ever Since Eve (1934)",
      "x": -20466.040000,
      "y": 3568.671000,
      "size": 160.031850,
      "tne": 1,
      "community": 50
    }
    ,    {
      "nodeid": "tt0030318",
      "name": "Kentucky Moonshine (1938)",
      "x": -20467.010000,
      "y": 3646.846400,
      "size": 16.003185,
      "tne": 1,
      "community": 62
    }
    ,    {
      "nodeid": "tt0021051",
      "name": "The Last of the Duanes (1930)",
      "x": -20467.498000,
      "y": 3581.968000,
      "size": 160.031850,
      "tne": 1,
      "community": 56
    }
    ,    {
      "nodeid": "tt0027621",
      "name": "The First Baby (1936)",
      "x": -20477.810000,
      "y": 3516.041000,
      "size": 175.063700,
      "tne": 2,
      "community": 50
    }
    ,    {
      "nodeid": "tt0028024",
      "name": "Neighborhood House (1936)",
      "x": -20493.898000,
      "y": 3488.013400,
      "size": 160.031850,
      "tne": 1,
      "community": 72
    }
    ,    {
      "nodeid": "tt0028949",
      "name": "The Grand Hooter (1937)",
      "x": -20498.469000,
      "y": 3495.480500,
      "size": 160.031850,
      "tne": 1,
      "community": 68
    }
    ,    {
      "nodeid": "tt0036171",
      "name": "Moonlight in Vermont (1943)",
      "x": -20498.738000,
      "y": 3739.960000,
      "size": 17.506372,
      "tne": 2,
      "community": 69
    }
    ,    {
      "nodeid": "tt0025166",
      "name": "George White's Scandals (1934)",
      "x": -20498.838000,
      "y": 3649.060300,
      "size": 160.031850,
      "tne": 1,
      "community": 65
    }
    ,    {
      "nodeid": "tt0158267",
      "name": "Texas Trouble Shooters (1942)",
      "x": -20502.855000,
      "y": 3340.685000,
      "size": 17.506372,
      "tne": 2,
      "community": 66
    }
    ,    {
      "nodeid": "tt0022169",
      "name": "Mr. Lemon of Orange (1931)",
      "x": -20503.748000,
      "y": 3527.746000,
      "size": 160.031850,
      "tne": 1,
      "community": 73
    }
    ,    {
      "nodeid": "tt0038030",
      "name": "River Gang (1945)",
      "x": -20506.620000,
      "y": 3507.831300,
      "size": 16.003185,
      "tne": 1,
      "community": 60
    }
    ,    {
      "nodeid": "tt0032525",
      "name": "Girl from Avenue A (1940)",
      "x": -20509.234000,
      "y": 3919.329600,
      "size": 160.031850,
      "tne": 1,
      "community": 50
    }
    ,    {
      "nodeid": "tt0035464",
      "name": "Trail Riders (1942)",
      "x": -20510.170000,
      "y": 3341.590300,
      "size": 17.506372,
      "tne": 2,
      "community": 69
    }
    ,    {
      "nodeid": "tt0759925",
      "name": "Laffing Time (1959)",
      "x": -20510.256000,
      "y": 3642.575000,
      "size": 16.003185,
      "tne": 1,
      "community": 50
    }
    ,    {
      "nodeid": "tt0039613",
      "name": "Mary Lou (1948)",
      "x": -20510.440000,
      "y": 3642.697800,
      "size": 16.003185,
      "tne": 1,
      "community": 50
    }
    ,    {
      "nodeid": "tt0034403",
      "name": "Wrangler's Roost (1941)",
      "x": -20510.646000,
      "y": 3329.065400,
      "size": 16.003185,
      "tne": 1,
      "community": 61
    }
    ,    {
      "nodeid": "tt0130153",
      "name": "An Old-Fashioned Girl (1949)",
      "x": -20510.898000,
      "y": 3637.627200,
      "size": 19.009554,
      "tne": 3,
      "community": 61
    }
    ,    {
      "nodeid": "tt0034338",
      "name": "Underground Rustlers (1941)",
      "x": -20511.408000,
      "y": 3475.495400,
      "size": 16.003185,
      "tne": 1,
      "community": 63
    }
    ,    {
      "nodeid": "tt0133633",