{
  "idmap": {
  "tt0349347": 0
    ,  "tt3989334": 1
    ,  "tt7383862": 2
    ,  "tt0241812": 3
    ,  "tt4943934": 4
    ,  "tt0489879": 5
    ,  "tt2117780": 6
    ,  "tt7605228": 7
    ,  "tt5072212": 8
    ,  "tt5199646": 9
    ,  "tt0877658": 10
    ,  "tt0345623": 11
    ,  "tt0392413": 12
    ,  "tt0422716": 13
    ,  "tt2070732": 14
    ,  "tt0216933": 15
    ,  "tt7115994": 16
    ,  "tt0384656": 17
    ,  "tt1268912": 18
    ,  "tt6896960": 19
    ,  "tt0441936": 20
    ,  "tt0188545": 21
    ,  "tt6535114": 22
    ,  "tt0452903": 23
    ,  "tt0155647": 24
    ,  "tt0781865": 25
    ,  "tt0239326": 26
    ,  "tt1496702": 27
    ,  "tt0334002": 28
    ,  "tt0119599": 29
    ,  "tt1589502": 30
    ,  "tt1135550": 31
    ,  "tt0441919": 32
    ,  "tt5360050": 33
    ,  "tt0329512": 34
    ,  "tt0374925": 35
  },
  "referenced": [
  ],
  "header": {
    "compact": false,
    "xmin": 8190.424000,
    "xmax": 10650.556000,
    "ymin": 13039.833000,
    "ymax": 15048.895000
  },
  "nodes": [
    {
      "nodeid": "tt0349347",
      "name": "Do Re Mi (1996)",
      "x": 10650.556000,
      "y": 13496.299000,
      "size": 160.031850,
      "tne": 1,
      "community": 79
    }
    ,    {
      "nodeid": "tt3989334",
      "name": "Lovebirds (TV Movie 2014)",
      "x": 10422.904000,
      "y": 14785.469000,
      "size": 160.031850,
      "tne": 1,
      "community": 39
    }
    ,    {
      "nodeid": "tt7383862",
      "name": "Pinjamkan Hatiku (2017)",
      "x": 10059.721000,
      "y": 13647.798000,
      "size": 16.003185,
      "tne": 1,
      "community": 77
    }
    ,    {
      "nodeid": "tt0241812",
      "name": "Perempuan, isteri dan jalang (1993)",
      "x": 9850.494000,
      "y": 13389.787000,
      "size": 16.003185,
      "tne": 1,
      "community": 74
    }
    ,    {
      "nodeid": "tt4943934",
      "name": "Martian Land (2015)",
      "x": 9747.682000,
      "y": 14884.591000,
      "size": 205.127400,
      "tne": 4,
      "community": 23
    }
    ,    {
      "nodeid": "tt0489879",
      "name": "Yapisik kardesler (1981)",
      "x": 9299.710000,
      "y": 14528.228000,
      "size": 16.003185,
      "tne": 1,
      "community": 47
    }
    ,    {
      "nodeid": "tt2117780",
      "name": "Welcome to Sweetie Pie's (TV Series 2011u2013 )",
      "x": 9044.565000,
      "y": 15048.895000,
      "size": 160.031850,
      "tne": 1,
      "community": 59
    }
    ,    {
      "nodeid": "tt7605228",
      "name": "Jibam (2017)",
      "x": 8860.506000,
      "y": 13093.767000,
      "size": 25.022293,
      "tne": 7,
      "community": 92
    }
    ,    {
      "nodeid": "tt5072212",
      "name": "The Last Well (2017)",
      "x": 8697.895000,
      "y": 13407.967000,
      "size": 16.003185,
      "tne": 1,
      "community": 87
    }
    ,    {
      "nodeid": "tt5199646",
      "name": "Igra malog tigra (2015)",
      "x": 8672.891000,
      "y": 13488.470000,
      "size": 16.003185,
      "tne": 1,
      "community": 94
    }
    ,    {
      "nodeid": "tt0877658",
      "name": "Mano po 5: Gua ai di (I love you) (2006)",
      "x": 8651.695000,
      "y": 14735.178000,
      "size": 160.031850,
      "tne": 1,
      "community": 48
    }
    ,    {
      "nodeid": "tt0345623",
      "name": "Mano po (2002)",
      "x": 8638.955000,
      "y": 14750.190000,
      "size": 175.063700,
      "tne": 2,
      "community": 63
    }
    ,    {
      "nodeid": "tt0392413",
      "name": "Mano po 2: My home (2003)",
      "x": 8596.797000,
      "y": 14780.185000,
      "size": 250.222930,
      "tne": 7,
      "community": 59
    }
    ,    {
      "nodeid": "tt0422716",
      "name": "Mano po III: My Love (2004)",
      "x": 8587.882000,
      "y": 14787.782000,
      "size": 235.191080,
      "tne": 6,
      "community": 56
    }
    ,    {
      "nodeid": "tt2070732",
      "name": "MMK 20: Maalaala mo kaya dalawang dekada (TV Movie 2011)",
      "x": 8557.698000,
      "y": 14977.506000,
      "size": 160.031850,
      "tne": 1,
      "community": 50
    }
    ,    {
      "nodeid": "tt0216933",
      "name": "Nang iniwan mo ako (1997)",
      "x": 8556.904000,
      "y": 14808.377000,
      "size": 250.222930,
      "tne": 7,
      "community": 62
    }
    ,    {
      "nodeid": "tt7115994",
      "name": "Haplos (TV Series 2017u2013 )",
      "x": 8539.080000,
      "y": 14719.951000,
      "size": 160.031850,
      "tne": 1,
      "community": 50
    }
    ,    {
      "nodeid": "tt0384656",
      "name": "Vis a Vis: Native Tongues (TV Movie 2003)",
      "x": 8517.990000,
      "y": 13577.261000,
      "size": 16.003185,
      "tne": 1,
      "community": 43
    }
    ,    {
      "nodeid": "tt1268912",
      "name": "Tokyo Rendezvous (2008)",
      "x": 8472.506000,
      "y": 14794.681000,
      "size": 250.222930,
      "tne": 7,
      "community": 16
    }
    ,    {
      "nodeid": "tt6896960",
      "name": "Mulawin vs Ravena (TV Series 2017u2013 )",
      "x": 8460.819000,
      "y": 14640.969000,
      "size": 160.031850,
      "tne": 1,
      "community": 50
    }
    ,    {
      "nodeid": "tt0441936",
      "name": "Mulawin (TV Series 2004u2013 )",
      "x": 8449.569000,
      "y": 14613.686000,
      "size": 160.031850,
      "tne": 1,
      "community": 80
    }
    ,    {
      "nodeid": "tt0188545",
      "name": "Darna and the Giants (1973)",
      "x": 8446.571000,
      "y": 14623.479000,
      "size": 160.031850,
      "tne": 1,
      "community": 56
    }
    ,    {
      "nodeid": "tt6535114",
      "name": "Destined to Be Yours (TV Series 2017u2013 )",
      "x": 8445.311000,
      "y": 14652.386000,
      "size": 160.031850,
      "tne": 1,
      "community": 81
    }
    ,    {
      "nodeid": "tt0452903",
      "name": "Darna (TV Series 2005u2013 )",
      "x": 8444.306000,
      "y": 14667.297000,
      "size": 205.127400,
      "tne": 4,
      "community": 63
    }
    ,    {
      "nodeid": "tt0155647",
      "name": "Darna: The Return (1994)",
      "x": 8434.042000,
      "y": 14660.340000,
      "size": 220.159230,
      "tne": 5,
      "community": 56
    }
    ,    {
      "nodeid": "tt0781865",
      "name": "Encantadia: Pag-ibig hanggang wakas (TV Series 2006)",
      "x": 8429.339000,
      "y": 14627.752000,
      "size": 160.031850,
      "tne": 1,
      "community": 88
    }
    ,    {
      "nodeid": "tt0239326",
      "name": "Darna (1991)",
      "x": 8428.218000,
      "y": 14680.081000,
      "size": 250.222930,
      "tne": 7,
      "community": 72
    }
    ,    {
      "nodeid": "tt1496702",
      "name": "Darna (TV Series 2009u2013 )",
      "x": 8422.741000,
      "y": 14478.523000,
      "size": 250.222930,
      "tne": 7,
      "community": 81
    }
    ,    {
      "nodeid": "tt0334002",
      "name": "Nice Party (Hallo I Am Death, Nice to Meet You) (Video 1993)",
      "x": 8421.856000,
      "y": 13707.680000,
      "size": 160.031850,
      "tne": 1,
      "community": 91
    }
    ,    {
      "nodeid": "tt0119599",
      "name": "The Makers (1997)",
      "x": 8403.479500,
      "y": 13718.536000,
      "size": 160.031850,
      "tne": 1,
      "community": 92
    }
    ,    {
      "nodeid": "tt1589502",
      "name": "Smash! (Video 2010)",
      "x": 8343.894000,
      "y": 13657.112000,
      "size": 160.031850,
      "tne": 1,
      "community": 82
    }
    ,    {
      "nodeid": "tt1135550",
      "name": "Don't Give Up, Nina (TV Series 2007u2013 )",
      "x": 8342.245000,
      "y": 13616.570000,
      "size": 160.031850,
      "tne": 1,
      "community": 44
    }
    ,    {
      "nodeid": "tt0441919",
      "name": "Encantadia (TV Series 2005)",
      "x": 8300.908000,
      "y": 14538.196000,
      "size": 220.159230,
      "tne": 5,
      "community": 86
    }
    ,    {
      "nodeid": "tt5360050",
      "name": "Somehow Wit Da Spring (2016)",
      "x": 8246.482000,
      "y": 13955.813000,
      "size": 160.031850,
      "tne": 1,