{
  "idmap": {
  "tt0071288": 0
    ,  "tt0109067": 1
    ,  "tt2324890": 2
    ,  "tt1047540": 3
    ,  "tt4981636": 4
    ,  "tt0212671": 5
    ,  "tt4048186": 6
    ,  "tt0040402": 7
    ,  "tt4520988": 8
    ,  "tt3979300": 9
    ,  "tt0169449": 10
    ,  "tt1125865": 11
    ,  "tt1628055": 12
    ,  "tt3380368": 13
    ,  "tt4717082": 14
    ,  "tt3569630": 15
    ,  "tt1512792": 16
    ,  "tt3120508": 17
    ,  "tt0079749": 18
    ,  "tt6324278": 19
    ,  "tt7146812": 20
    ,  "tt5778260": 21
    ,  "tt0079070": 22
    ,  "tt6494344": 23
    ,  "tt3828858": 24
    ,  "tt5843838": 25
    ,  "tt6314766": 26
    ,  "tt7252526": 27
    ,  "tt2572030": 28
    ,  "tt5092708": 29
    ,  "tt0764662": 30
    ,  "tt6803170": 31
    ,  "tt0283999": 32
    ,  "tt5662914": 33
    ,  "tt2306775": 34
    ,  "tt2630184": 35
  },
  "referenced": [
  ],
  "header": {
    "compact": false,
    "xmin": 21230.602000,
    "xmax": 21253.219000,
    "ymin": -19915.113000,
    "ymax": -19902.720000
  },
  "nodes": [
    {
      "nodeid": "tt0071288",
      "name": "The Castaway Cowboy (1974)",
      "x": 21231.488000,
      "y": -19902.720000,
      "size": 16.003185,
      "tne": 1,
      "community": 60
    }
    ,    {
      "nodeid": "tt0109067",
      "name": "The Air Up There (1994)",
      "x": 21244.710000,
      "y": -19902.842000,
      "size": 16.003185,
      "tne": 1,
      "community": 55
    }
    ,    {
      "nodeid": "tt2324890",
      "name": "Tu00fcskevu00e1r (2012)",
      "x": 21244.049000,
      "y": -19903.322000,
      "size": 16.003185,
      "tne": 1,
      "community": 51
    }
    ,    {
      "nodeid": "tt1047540",
      "name": "Parental Guidance (2012)",
      "x": 21233.322000,
      "y": -19904.205000,
      "size": 16.003185,
      "tne": 1,
      "community": 61
    }
    ,    {
      "nodeid": "tt4981636",
      "name": "Middle School: The Worst Years of My Life (2016)",
      "x": 21233.955000,
      "y": -19905.219000,
      "size": 16.003185,
      "tne": 1,
      "community": 61
    }
    ,    {
      "nodeid": "tt0212671",
      "name": "Malcolm in the Middle (TV Series 2000u20132006)",
      "x": 21234.370000,
      "y": -19905.787000,
      "size": 16.003185,
      "tne": 1,
      "community": 80
    }
    ,    {
      "nodeid": "tt4048186",
      "name": "Crystal Inferno (2017)",
      "x": 21230.602000,
      "y": -19906.562000,
      "size": 16.003185,
      "tne": 1,
      "community": 41
    }
    ,    {
      "nodeid": "tt0040402",
      "name": "Green Grass of Wyoming (1948)",
      "x": 21235.318000,
      "y": -19907.914000,
      "size": 16.003185,
      "tne": 1,
      "community": 63
    }
    ,    {
      "nodeid": "tt4520988",
      "name": "Frozen 2 (2019)",
      "x": 21234.361000,
      "y": -19909.810000,
      "size": 16.003185,
      "tne": 1,
      "community": 50
    }
    ,    {
      "nodeid": "tt3979300",
      "name": "Magic Camp",
      "x": 21243.213000,
      "y": -19910.750000,
      "size": 16.003185,
      "tne": 1,
      "community": 50
    }
    ,    {
      "nodeid": "tt0169449",
      "name": "Fram (TV Series 1983u2013 )",
      "x": 21232.615000,
      "y": -19911.127000,
      "size": 16.003185,
      "tne": 1,
      "community": 83
    }
    ,    {
      "nodeid": "tt1125865",
      "name": "The Hunchback of Notre Dame (Video 1996)",
      "x": 21242.824000,
      "y": -19911.143000,
      "size": 16.003185,
      "tne": 1,
      "community": 31
    }
    ,    {
      "nodeid": "tt1628055",
      "name": "Touchback (2011)",
      "x": 21242.604000,
      "y": -19911.443000,
      "size": 16.003185,
      "tne": 1,
      "community": 65
    }
    ,    {
      "nodeid": "tt3380368",
      "name": "Little Loopers (2015)",
      "x": 21242.604000,
      "y": -19911.443000,
      "size": 16.003185,
      "tne": 1,
      "community": 59
    }
    ,    {
      "nodeid": "tt4717082",
      "name": "Le nom que tu portes (2016)",
      "x": 21242.342000,
      "y": -19911.709000,
      "size": 16.003185,
      "tne": 1,
      "community": 81
    }
    ,    {
      "nodeid": "tt3569630",
      "name": "Finding Glory (2017)",
      "x": 21242.465000,
      "y": -19911.777000,
      "size": 16.003185,
      "tne": 1,
      "community": 50
    }
    ,    {
      "nodeid": "tt1512792",
      "name": "Playmobil: The Secret of Pirate Island (Video 2009)",
      "x": 21242.334000,
      "y": -19911.918000,
      "size": 16.003185,
      "tne": 1,
      "community": 70
    }
    ,    {
      "nodeid": "tt3120508",
      "name": "Alone for Christmas (Video 2013)",
      "x": 21246.979000,
      "y": -19911.951000,
      "size": 16.003185,
      "tne": 1,
      "community": 35
    }
    ,    {
      "nodeid": "tt0079749",
      "name": "Alibaba Aur 40 Chor (1980)",
      "x": 21253.025000,
      "y": -19912.328000,
      "size": 16.003185,
      "tne": 1,
      "community": 62
    }
    ,    {
      "nodeid": "tt6324278",
      "name": "Everest (2019)",
      "x": 21241.912000,
      "y": -19912.370000,
      "size": 16.003185,
      "tne": 1,
      "community": 50
    }
    ,    {
      "nodeid": "tt7146812",
      "name": "Suburban Fantasy World",
      "x": 21241.912000,
      "y": -19912.370000,
      "size": 16.003185,
      "tne": 1,
      "community": 50
    }
    ,    {
      "nodeid": "tt5778260",
      "name": "You on Kazoo (Video 1989)",
      "x": 21240.088000,
      "y": -19912.520000,
      "size": 16.003185,
      "tne": 1,
      "community": 88
    }
    ,    {
      "nodeid": "tt0079070",
      "name": "The Double McGuffin (1979)",
      "x": 21241.725000,
      "y": -19912.566000,
      "size": 16.003185,
      "tne": 1,
      "community": 65
    }
    ,    {
      "nodeid": "tt6494344",
      "name": "Here Comes the Grump (2018)",
      "x": 21237.209000,
      "y": -19912.879000,
      "size": 16.003185,
      "tne": 1,
      "community": 50
    }
    ,    {
      "nodeid": "tt3828858",
      "name": "Lost & Found (2016)",
      "x": 21253.219000,
      "y": -19913.055000,
      "size": 16.003185,
      "tne": 1,
      "community": 54
    }
    ,    {
      "nodeid": "tt5843838",
      "name": "Max 2: White House Hero (2017)",
      "x": 21253.219000,
      "y": -19913.055000,
      "size": 16.003185,
      "tne": 1,
      "community": 51
    }
    ,    {
      "nodeid": "tt6314766",
      "name": "Dru00f4les de petites bu00eates (2017)",
      "x": 21240.967000,
      "y": -19913.172000,
      "size": 16.003185,
      "tne": 1,
      "community": 59
    }
    ,    {
      "nodeid": "tt7252526",
      "name": "Talk to the Animals",
      "x": 21253.094000,
      "y": -19913.209000,
      "size": 16.003185,
      "tne": 1,
      "community": 50
    }
    ,    {
      "nodeid": "tt2572030",
      "name": "Pass the Light (2015)",
      "x": 21236.602000,
      "y": -19913.545000,
      "size": 16.003185,
      "tne": 1,
      "community": 63
    }
    ,    {
      "nodeid": "tt5092708",
      "name": "Memories of a Penitent Heart (2016)",
      "x": 21252.662000,
      "y": -19913.643000,
      "size": 16.003185,
      "tne": 1,
      "community": 73
    }
    ,    {
      "nodeid": "tt0764662",
      "name": "Rumpelstiltskin (TV Movie 1985)",
      "x": 21231.037000,
      "y": -19913.690000,
      "size": 16.003185,
      "tne": 1,
      "community": 75
    }
    ,    {
      "nodeid": "tt6803170",
      "name": "Saving Christmas (2017)",
      "x": 21240.713000,
      "y": -19914.076000,
      "size": 16.003185,
      "tne": 1,
      "community": 58
    }
    ,    {
      "nodeid": "tt0283999",
      "name": "The Climb (2002)",
      "x": 21240.383000,
      "y": -19914.430000,
      "size": 16.003185,
      "tne": 1,
      "community": 61
    }
    ,    {
      "nodeid": "tt5662914",
      "name": "30 Days to Say Goodbye (2017)",
      "x": 21239.863000,
      "y": -19914.980000,
      "size": 16.003185,
      "tne": 1,