{
  "idmap": {
  "tt0069122": 0
    ,  "tt1294693": 1
    ,  "tt7424200": 2
    ,  "tt5145662": 3
    ,  "tt0180798": 4
    ,  "tt1213923": 5
    ,  "tt0095930": 6
    ,  "tt0113345": 7
    ,  "tt1482859": 8
    ,  "tt3200980": 9
    ,  "tt3885656": 10
    ,  "tt0218590": 11
    ,  "tt3519936": 12
    ,  "tt3554164": 13
    ,  "tt5274666": 14
    ,  "tt0347218": 15
    ,  "tt3877296": 16
    ,  "tt0247993": 17
    ,  "tt3503454": 18
    ,  "tt2262073": 19
    ,  "tt4294970": 20
    ,  "tt4703182": 21
    ,  "tt3038542": 22
    ,  "tt3783510": 23
    ,  "tt5757874": 24
    ,  "tt0084822": 25
    ,  "tt5325762": 26
    ,  "tt0074256": 27
    ,  "tt1935940": 28
    ,  "tt0120913": 29
    ,  "tt0385988": 30
    ,  "tt0482629": 31
    ,  "tt2387445": 32
    ,  "tt6873852": 33
    ,  "tt0179682": 34
    ,  "tt7538290": 35
  },
  "referenced": [
  ],
  "header": {
    "compact": false,
    "xmin": 21192.684000,
    "xmax": 21228.227000,
    "ymin": -19941.648000,
    "ymax": -19911.592000
  },
  "nodes": [
    {
      "nodeid": "tt0069122",
      "name": "Prints i nishchiy (TV Movie 1972)",
      "x": 21222.314000,
      "y": -19911.592000,
      "size": 16.003185,
      "tne": 1,
      "community": 70
    }
    ,    {
      "nodeid": "tt1294693",
      "name": "Little Spirit: Christmas in New York (TV Movie 2008)",
      "x": 21223.842000,
      "y": -19911.756000,
      "size": 16.003185,
      "tne": 1,
      "community": 55
    }
    ,    {
      "nodeid": "tt7424200",
      "name": "Teen Titans Go! To the Movies (2018)",
      "x": 21216.635000,
      "y": -19911.768000,
      "size": 17.506372,
      "tne": 2,
      "community": 50
    }
    ,    {
      "nodeid": "tt5145662",
      "name": "Monsters at Large (2018)",
      "x": 21228.227000,
      "y": -19911.770000,
      "size": 16.003185,
      "tne": 1,
      "community": 50
    }
    ,    {
      "nodeid": "tt0180798",
      "name": "The Legend of Mulan (Video 1998)",
      "x": 21203.906000,
      "y": -19912.004000,
      "size": 17.506372,
      "tne": 2,
      "community": 44
    }
    ,    {
      "nodeid": "tt1213923",
      "name": "Mu Lan (Video 1998)",
      "x": 21203.906000,
      "y": -19912.004000,
      "size": 17.506372,
      "tne": 2,
      "community": 32
    }
    ,    {
      "nodeid": "tt0095930",
      "name": "Purple People Eater (1988)",
      "x": 21215.719000,
      "y": -19912.154000,
      "size": 17.506372,
      "tne": 2,
      "community": 46
    }
    ,    {
      "nodeid": "tt0113345",
      "name": "The Undercover Kid (1996)",
      "x": 21215.719000,
      "y": -19912.154000,
      "size": 17.506372,
      "tne": 2,
      "community": 48
    }
    ,    {
      "nodeid": "tt1482859",
      "name": "Hansel and Gretel (Video 2007)",
      "x": 21205.820000,
      "y": -19912.176000,
      "size": 16.003185,
      "tne": 1,
      "community": 66
    }
    ,    {
      "nodeid": "tt3200980",
      "name": "Where Hope Grows (2014)",
      "x": 21194.213000,
      "y": -19912.201000,
      "size": 16.003185,
      "tne": 1,
      "community": 66
    }
    ,    {
      "nodeid": "tt3885656",
      "name": "Mighty Benjamin Little (2014)",
      "x": 21220.080000,
      "y": -19912.463000,
      "size": 16.003185,
      "tne": 1,
      "community": 50
    }
    ,    {
      "nodeid": "tt0218590",
      "name": "The Secret of the Hunchback (Video 1996)",
      "x": 21205.531000,
      "y": -19912.473000,
      "size": 16.003185,
      "tne": 1,
      "community": 40
    }
    ,    {
      "nodeid": "tt3519936",
      "name": "The Secret Handshake (2015)",
      "x": 21205.428000,
      "y": -19912.584000,
      "size": 16.003185,
      "tne": 1,
      "community": 63
    }
    ,    {
      "nodeid": "tt3554164",
      "name": "Alison's Choice (2015)",
      "x": 21205.428000,
      "y": -19912.584000,
      "size": 16.003185,
      "tne": 1,
      "community": 76
    }
    ,    {
      "nodeid": "tt5274666",
      "name": "Villads fra Valby (2015)",
      "x": 21205.380000,
      "y": -19912.586000,
      "size": 16.003185,
      "tne": 1,
      "community": 58
    }
    ,    {
      "nodeid": "tt0347218",
      "name": "Hansel and Gretel (1954)",
      "x": 21197.314000,
      "y": -19912.682000,
      "size": 17.506372,
      "tne": 2,
      "community": 73
    }
    ,    {
      "nodeid": "tt3877296",
      "name": "The Cokeville Miracle (2015)",
      "x": 21203.064000,
      "y": -19912.723000,
      "size": 17.506372,
      "tne": 2,
      "community": 50
    }
    ,    {
      "nodeid": "tt0247993",
      "name": "Beyond (2000)",
      "x": 21196.965000,
      "y": -19912.729000,
      "size": 17.506372,
      "tne": 2,
      "community": 54
    }
    ,    {
      "nodeid": "tt3503454",
      "name": "Christmas All Over Again (2016)",
      "x": 21195.611000,
      "y": -19912.826000,
      "size": 17.506372,
      "tne": 2,
      "community": 58
    }
    ,    {
      "nodeid": "tt2262073",
      "name": "Scrooge & Marley (2012)",
      "x": 21199.867000,
      "y": -19912.857000,
      "size": 16.003185,
      "tne": 1,
      "community": 69
    }
    ,    {
      "nodeid": "tt4294970",
      "name": "I Believe (2017)",
      "x": 21204.674000,
      "y": -19913.367000,
      "size": 16.003185,
      "tne": 1,
      "community": 92
    }
    ,    {
      "nodeid": "tt4703182",
      "name": "Camp Cool Kids (2017)",
      "x": 21204.283000,
      "y": -19913.773000,
      "size": 16.003185,
      "tne": 1,
      "community": 56
    }
    ,    {
      "nodeid": "tt3038542",
      "name": "Tie the Knot (2016)",
      "x": 21204.250000,
      "y": -19913.810000,
      "size": 16.003185,
      "tne": 1,
      "community": 36
    }
    ,    {
      "nodeid": "tt3783510",
      "name": "A Dog and Pony Show (2018)",
      "x": 21218.264000,
      "y": -19914.137000,
      "size": 17.506372,
      "tne": 2,
      "community": 50
    }
    ,    {
      "nodeid": "tt5757874",
      "name": "Pony with a Broken Wing (2017)",
      "x": 21218.264000,
      "y": -19914.137000,
      "size": 17.506372,
      "tne": 2,
      "community": 50
    }
    ,    {
      "nodeid": "tt0084822",
      "name": "Three Angels and Five Lions (1982)",
      "x": 21200.600000,
      "y": -19914.242000,
      "size": 17.506372,
      "tne": 2,
      "community": 58
    }
    ,    {
      "nodeid": "tt5325762",
      "name": "A Christmas Carol, 50th Anniversary (2015)",
      "x": 21192.684000,
      "y": -19914.480000,
      "size": 16.003185,
      "tne": 1,
      "community": 50
    }
    ,    {
      "nodeid": "tt0074256",
      "name": "Bugsy Malone (1976)",
      "x": 21228.014000,
      "y": -19917.430000,
      "size": 17.506372,
      "tne": 2,
      "community": 69
    }
    ,    {
      "nodeid": "tt1935940",
      "name": "Get Santa (2014)",
      "x": 21226.223000,
      "y": -19919.430000,
      "size": 17.506372,
      "tne": 2,
      "community": 62
    }
    ,    {
      "nodeid": "tt0120913",
      "name": "Titan A.E. (2000)",
      "x": 21221.977000,
      "y": -19920.604000,
      "size": 16.003185,
      "tne": 1,
      "community": 66
    }
    ,    {
      "nodeid": "tt0385988",
      "name": "Red Riding Hood (2006)",
      "x": 21208.951000,
      "y": -19923.088000,
      "size": 17.506372,
      "tne": 2,
      "community": 32
    }
    ,    {
      "nodeid": "tt0482629",
      "name": "The Ultimate Gift (2006)",
      "x": 21205.324000,
      "y": -19923.615000,
      "size": 17.506372,
      "tne": 2,
      "community": 74
    }
    ,    {
      "nodeid": "tt2387445",
      "name": "Once Upon a Halloween (Video 2005)",
      "x": 21193.264000,
      "y": -19934.393000,
      "size": 16.003185,
      "tne": 1,
      "community": 47
    }
    ,    {
      "nodeid": "tt6873852",
      "name": "De Ludwigs: Wie is de Dief? (TV Mini-Series 2017)",
      "x": 21212.338000,
      "y": -19940.414000,
      "size": 16.003185,
      "tne": 1,